ABW,"Flag of Aruba.svg",//upload.wikimedia.org/wikipedia/commons/f/f6/Flag_of_Aruba.svg,data/flag-of-aruba.svg
AFG,"Flag of Afghanistan.svg",//upload.wikimedia.org/wikipedia/commons/9/9a/Flag_of_Afghanistan.svg,data/flag-of-afghanistan.svg
AGO,"Flag of Angola.svg",//upload.wikimedia.org/wikipedia/commons/9/9d/Flag_of_Angola.svg,data/flag-of-angola.svg
AIA,"Flag of Anguilla.svg",//upload.wikimedia.org/wikipedia/commons/b/b4/Flag_of_Anguilla.svg,data/flag-of-anguilla.svg
ALA,"Flag of Åland.svg",//upload.wikimedia.org/wikipedia/commons/5/52/Flag_of_%C3%85land.svg,data/flag-of-aland.svg
ALB,"Flag of Albania.svg",//upload.wikimedia.org/wikipedia/commons/3/36/Flag_of_Albania.svg,data/flag-of-albania.svg
AND,"Flag of Andorra.svg",//upload.wikimedia.org/wikipedia/commons/1/19/Flag_of_Andorra.svg,data/flag-of-andorra.svg
ARE,"Flag of the United Arab Emirates.svg",//upload.wikimedia.org/wikipedia/commons/c/cb/Flag_of_the_United_Arab_Emirates.svg,data/flag-of-the-united-arab-emirates.svg
ARG,"Flag of Argentina.svg",//upload.wikimedia.org/wikipedia/commons/1/1a/Flag_of_Argentina.svg,data/flag-of-argentina.svg
ARM,"Flag of Armenia.svg",//upload.wikimedia.org/wikipedia/commons/2/2f/Flag_of_Armenia.svg,data/flag-of-armenia.svg
ASM,"Flag of American Samoa.svg",//upload.wikimedia.org/wikipedia/commons/8/87/Flag_of_American_Samoa.svg,data/flag-of-american-samoa.svg
ATF,"Flag of the French Southern and Antarctic Lands.svg",//upload.wikimedia.org/wikipedia/commons/a/a7/Flag_of_the_French_Southern_and_Antarctic_Lands.svg,data/flag-of-the-french-southern-and-antarctic-lands.svg
ATG,"Flag of Antigua and Barbuda.svg",//upload.wikimedia.org/wikipedia/commons/8/89/Flag_of_Antigua_and_Barbuda.svg,data/flag-of-antigua-and-barbuda.svg
AUS,"Flag of Australia.svg",//upload.wikimedia.org/wikipedia/commons/b/b9/Flag_of_Australia.svg,data/flag-of-australia.svg
AUT,"Flag of Austria.svg",//upload.wikimedia.org/wikipedia/commons/4/41/Flag_of_Austria.svg,data/flag-of-austria.svg
AZE,"Flag of Azerbaijan.svg",//upload.wikimedia.org/wikipedia/commons/d/dd/Flag_of_Azerbaijan.svg,data/flag-of-azerbaijan.svg
BDI,"Flag of Burundi.svg",//upload.wikimedia.org/wikipedia/commons/5/50/Flag_of_Burundi.svg,data/flag-of-burundi.svg
BEL,"Flag of Belgium.svg",//upload.wikimedia.org/wikipedia/commons/6/65/Flag_of_Belgium.svg,data/flag-of-belgium.svg
BEN,"Flag of Benin.svg",//upload.wikimedia.org/wikipedia/commons/0/0a/Flag_of_Benin.svg,data/flag-of-benin.svg
BES,"Flag of the Netherlands.svg",//upload.wikimedia.org/wikipedia/commons/2/20/Flag_of_the_Netherlands.svg,data/flag-of-the-netherlands.svg
BFA,"Flag of Burkina Faso.svg",//upload.wikimedia.org/wikipedia/commons/3/31/Flag_of_Burkina_Faso.svg,data/flag-of-burkina-faso.svg
BGD,"Flag of Bangladesh.svg",//upload.wikimedia.org/wikipedia/commons/f/f9/Flag_of_Bangladesh.svg,data/flag-of-bangladesh.svg
BGR,"Flag of Bulgaria.svg",//upload.wikimedia.org/wikipedia/commons/9/9a/Flag_of_Bulgaria.svg,data/flag-of-bulgaria.svg
BHR,"Flag of Bahrain.svg",//upload.wikimedia.org/wikipedia/commons/2/2c/Flag_of_Bahrain.svg,data/flag-of-bahrain.svg
BHS,"Flag of the Bahamas.svg",//upload.wikimedia.org/wikipedia/commons/9/93/Flag_of_the_Bahamas.svg,data/flag-of-the-bahamas.svg
BIH,"Flag of Bosnia and Herzegovina.svg",//upload.wikimedia.org/wikipedia/commons/b/bf/Flag_of_Bosnia_and_Herzegovina.svg,data/flag-of-bosnia-and-herzegovina.svg
BLM,"Flag of Saint Barthelemy (local).svg",//upload.wikimedia.org/wikipedia/commons/d/df/Flag_of_Saint_Barthelemy_%28local%29.svg,data/flag-of-saint-barthelemy-local.svg
BLR,"Flag of Belarus.svg",//upload.wikimedia.org/wikipedia/commons/8/85/Flag_of_Belarus.svg,data/flag-of-belarus.svg
BLZ,"Flag of Belize.svg",//upload.wikimedia.org/wikipedia/commons/e/e7/Flag_of_Belize.svg,data/flag-of-belize.svg
BMU,"Flag of Bermuda.svg",//upload.wikimedia.org/wikipedia/commons/b/bf/Flag_of_Bermuda.svg,data/flag-of-bermuda.svg
BOL,"Flag of Bolivia.svg",//upload.wikimedia.org/wikipedia/commons/4/48/Flag_of_Bolivia.svg,data/flag-of-bolivia.svg
BRA,"Flag of Brazil.svg",//upload.wikimedia.org/wikipedia/commons/0/05/Flag_of_Brazil.svg,data/flag-of-brazil.svg
BRB,"Flag of Barbados.svg",//upload.wikimedia.org/wikipedia/commons/e/ef/Flag_of_Barbados.svg,data/flag-of-barbados.svg
BRN,"Flag of Brunei.svg",//upload.wikimedia.org/wikipedia/commons/9/9c/Flag_of_Brunei.svg,data/flag-of-brunei.svg
BTN,"Flag of Bhutan.svg",//upload.wikimedia.org/wikipedia/commons/9/91/Flag_of_Bhutan.svg,data/flag-of-bhutan.svg
BWA,"Flag of Botswana.svg",//upload.wikimedia.org/wikipedia/commons/f/fa/Flag_of_Botswana.svg,data/flag-of-botswana.svg
CAF,"Flag of the Central African Republic.svg",//upload.wikimedia.org/wikipedia/commons/6/6f/Flag_of_the_Central_African_Republic.svg,data/flag-of-the-central-african-republic.svg
CAN,"Flag of Canada.svg",//upload.wikimedia.org/wikipedia/commons/c/cf/Flag_of_Canada.svg,data/flag-of-canada.svg
CCK,"Flag of the Cocos (Keeling) Islands.svg",//upload.wikimedia.org/wikipedia/commons/7/74/Flag_of_the_Cocos_%28Keeling%29_Islands.svg,data/flag-of-the-cocos-keeling-islands.svg
CHE,"Flag of Switzerland.svg",//upload.wikimedia.org/wikipedia/commons/f/f3/Flag_of_Switzerland.svg,data/flag-of-switzerland.svg
CHL,"Flag of Chile.svg",//upload.wikimedia.org/wikipedia/commons/7/78/Flag_of_Chile.svg,data/flag-of-chile.svg
CHN,"Flag of the People's Republic of China.svg",//upload.wikimedia.org/wikipedia/commons/f/fa/Flag_of_the_People%27s_Republic_of_China.svg,"data/flag-of-the-people's-republic-of-china.svg"
CIV,"Flag of Côte d'Ivoire.svg",//upload.wikimedia.org/wikipedia/commons/f/fe/Flag_of_C%C3%B4te_d%27Ivoire.svg,"data/flag-of-cote-d'ivoire.svg"
CMR,"Flag of Cameroon.svg",//upload.wikimedia.org/wikipedia/commons/4/4f/Flag_of_Cameroon.svg,data/flag-of-cameroon.svg
COD,"Flag of the Democratic Republic of the Congo.svg",//upload.wikimedia.org/wikipedia/commons/6/6f/Flag_of_the_Democratic_Republic_of_the_Congo.svg,data/flag-of-the-democratic-republic-of-the-congo.svg
COG,"Flag of the Republic of the Congo.svg",//upload.wikimedia.org/wikipedia/commons/9/92/Flag_of_the_Republic_of_the_Congo.svg,data/flag-of-the-republic-of-the-congo.svg
COK,"Flag of the Cook Islands.svg",//upload.wikimedia.org/wikipedia/commons/3/35/Flag_of_the_Cook_Islands.svg,data/flag-of-the-cook-islands.svg
COL,"Flag of Colombia.svg",//upload.wikimedia.org/wikipedia/commons/2/21/Flag_of_Colombia.svg,data/flag-of-colombia.svg
COM,"Flag of the Comoros.svg",//upload.wikimedia.org/wikipedia/commons/9/94/Flag_of_the_Comoros.svg,data/flag-of-the-comoros.svg
CPV,"Flag of Cape Verde.svg",//upload.wikimedia.org/wikipedia/commons/3/38/Flag_of_Cape_Verde.svg,data/flag-of-cape-verde.svg
CRI,"Flag of Costa Rica.svg",//upload.wikimedia.org/wikipedia/commons/f/f2/Flag_of_Costa_Rica.svg,data/flag-of-costa-rica.svg
CUB,"Flag of Cuba.svg",//upload.wikimedia.org/wikipedia/commons/b/bd/Flag_of_Cuba.svg,data/flag-of-cuba.svg
CUW,"Flag of Curaçao.svg",//upload.wikimedia.org/wikipedia/commons/b/b1/Flag_of_Cura%C3%A7ao.svg,data/flag-of-curacao.svg
CXR,"Flag of Christmas Island.svg",//upload.wikimedia.org/wikipedia/commons/6/67/Flag_of_Christmas_Island.svg,data/flag-of-christmas-island.svg
CYM,"Flag of the Cayman Islands.svg",//upload.wikimedia.org/wikipedia/commons/0/0f/Flag_of_the_Cayman_Islands.svg,data/flag-of-the-cayman-islands.svg
CYP,"Flag of Cyprus.svg",//upload.wikimedia.org/wikipedia/commons/d/d4/Flag_of_Cyprus.svg,data/flag-of-cyprus.svg
CZE,"Flag of the Czech Republic.svg",//upload.wikimedia.org/wikipedia/commons/c/cb/Flag_of_the_Czech_Republic.svg,data/flag-of-the-czech-republic.svg
DEU,"Flag of Germany.svg",//upload.wikimedia.org/wikipedia/commons/b/ba/Flag_of_Germany.svg,data/flag-of-germany.svg
DJI,"Flag of Djibouti.svg",//upload.wikimedia.org/wikipedia/commons/3/34/Flag_of_Djibouti.svg,data/flag-of-djibouti.svg
DMA,"Flag of Dominica.svg",//upload.wikimedia.org/wikipedia/commons/c/c4/Flag_of_Dominica.svg,data/flag-of-dominica.svg
DNK,"Flag of Denmark.svg",//upload.wikimedia.org/wikipedia/commons/9/9c/Flag_of_Denmark.svg,data/flag-of-denmark.svg
DOM,"Flag of the Dominican Republic.svg",//upload.wikimedia.org/wikipedia/commons/9/9f/Flag_of_the_Dominican_Republic.svg,data/flag-of-the-dominican-republic.svg
DZA,"Flag of Algeria.svg",//upload.wikimedia.org/wikipedia/commons/7/77/Flag_of_Algeria.svg,data/flag-of-algeria.svg
ECU,"Flag of Ecuador.svg",//upload.wikimedia.org/wikipedia/commons/e/e8/Flag_of_Ecuador.svg,data/flag-of-ecuador.svg
EGY,"Flag of Egypt.svg",//upload.wikimedia.org/wikipedia/commons/f/fe/Flag_of_Egypt.svg,data/flag-of-egypt.svg
ERI,"Flag of Eritrea.svg",//upload.wikimedia.org/wikipedia/commons/2/29/Flag_of_Eritrea.svg,data/flag-of-eritrea.svg
ESH,"Flag of the Sahrawi Arab Democratic Republic.svg",//upload.wikimedia.org/wikipedia/commons/2/26/Flag_of_the_Sahrawi_Arab_Democratic_Republic.svg,data/flag-of-the-sahrawi-arab-democratic-republic.svg
ESP,"Flag of Spain.svg",//upload.wikimedia.org/wikipedia/commons/9/9a/Flag_of_Spain.svg,data/flag-of-spain.svg
EST,"Flag of Estonia.svg",//upload.wikimedia.org/wikipedia/commons/8/8f/Flag_of_Estonia.svg,data/flag-of-estonia.svg
ETH,"Flag of Ethiopia.svg",//upload.wikimedia.org/wikipedia/commons/7/71/Flag_of_Ethiopia.svg,data/flag-of-ethiopia.svg
FIN,"Flag of Finland.svg",//upload.wikimedia.org/wikipedia/commons/b/bc/Flag_of_Finland.svg,data/flag-of-finland.svg
FJI,"Flag of Fiji.svg",//upload.wikimedia.org/wikipedia/commons/b/ba/Flag_of_Fiji.svg,data/flag-of-fiji.svg
FLK,"Flag of the Falkland Islands.svg",//upload.wikimedia.org/wikipedia/commons/8/83/Flag_of_the_Falkland_Islands.svg,data/flag-of-the-falkland-islands.svg
FRA,"Flag of France.svg",//upload.wikimedia.org/wikipedia/commons/c/c3/Flag_of_France.svg,data/flag-of-france.svg
FRO,"Flag of the Faroe Islands.svg",//upload.wikimedia.org/wikipedia/commons/3/3c/Flag_of_the_Faroe_Islands.svg,data/flag-of-the-faroe-islands.svg
FSM,"Flag of the Federated States of Micronesia.svg",//upload.wikimedia.org/wikipedia/commons/e/e4/Flag_of_the_Federated_States_of_Micronesia.svg,data/flag-of-the-federated-states-of-micronesia.svg
GAB,"Flag of Gabon.svg",//upload.wikimedia.org/wikipedia/commons/0/04/Flag_of_Gabon.svg,data/flag-of-gabon.svg
GBR,"Flag of the United Kingdom.svg",//upload.wikimedia.org/wikipedia/commons/a/ae/Flag_of_the_United_Kingdom.svg,data/flag-of-the-united-kingdom.svg
GEO,"Flag of Georgia.svg",//upload.wikimedia.org/wikipedia/commons/0/0f/Flag_of_Georgia.svg,data/flag-of-georgia.svg
GGY,"Flag of Guernsey.svg",//upload.wikimedia.org/wikipedia/commons/f/fa/Flag_of_Guernsey.svg,data/flag-of-guernsey.svg
GHA,"Flag of Ghana.svg",//upload.wikimedia.org/wikipedia/commons/1/19/Flag_of_Ghana.svg,data/flag-of-ghana.svg
GIB,"Flag of Gibraltar.svg",//upload.wikimedia.org/wikipedia/commons/0/02/Flag_of_Gibraltar.svg,data/flag-of-gibraltar.svg
GIN,"Flag of Guinea.svg",//upload.wikimedia.org/wikipedia/commons/e/ed/Flag_of_Guinea.svg,data/flag-of-guinea.svg
GLP,"Flag of Guadeloupe (local).svg",//upload.wikimedia.org/wikipedia/commons/0/04/Flag_of_Guadeloupe_%28local%29.svg,data/flag-of-guadeloupe-local.svg
GMB,"Flag of The Gambia.svg",//upload.wikimedia.org/wikipedia/commons/7/77/Flag_of_The_Gambia.svg,data/flag-of-the-gambia.svg
GNB,"Flag of Guinea-Bissau.svg",//upload.wikimedia.org/wikipedia/commons/0/01/Flag_of_Guinea-Bissau.svg,data/flag-of-guinea-bissau.svg
GNQ,"Flag of Equatorial Guinea.svg",//upload.wikimedia.org/wikipedia/commons/3/31/Flag_of_Equatorial_Guinea.svg,data/flag-of-equatorial-guinea.svg
GRC,"Flag of Greece.svg",//upload.wikimedia.org/wikipedia/commons/5/5c/Flag_of_Greece.svg,data/flag-of-greece.svg
GRD,"Flag of Grenada.svg",//upload.wikimedia.org/wikipedia/commons/b/bc/Flag_of_Grenada.svg,data/flag-of-grenada.svg
GRL,"Flag of Greenland.svg",//upload.wikimedia.org/wikipedia/commons/0/09/Flag_of_Greenland.svg,data/flag-of-greenland.svg
GTM,"Flag of Guatemala.svg",//upload.wikimedia.org/wikipedia/commons/e/ec/Flag_of_Guatemala.svg,data/flag-of-guatemala.svg
GUF,"Flag of French Guiana.svg",//upload.wikimedia.org/wikipedia/commons/2/29/Flag_of_French_Guiana.svg,data/flag-of-french-guiana.svg
GUF,"Flag of France.svg",//upload.wikimedia.org/wikipedia/commons/c/c3/Flag_of_France.svg,data/flag-of-france.svg
GUM,"Flag of Guam.svg",//upload.wikimedia.org/wikipedia/commons/0/07/Flag_of_Guam.svg,data/flag-of-guam.svg
GUY,"Flag of Guyana.svg",//upload.wikimedia.org/wikipedia/commons/9/99/Flag_of_Guyana.svg,data/flag-of-guyana.svg
HKG,"Flag of Hong Kong.svg",//upload.wikimedia.org/wikipedia/commons/5/5b/Flag_of_Hong_Kong.svg,data/flag-of-hong-kong.svg
HMD,"Flag of Australia.svg",//upload.wikimedia.org/wikipedia/commons/b/b9/Flag_of_Australia.svg,data/flag-of-australia.svg
HND,"Flag of Honduras.svg",//upload.wikimedia.org/wikipedia/commons/8/82/Flag_of_Honduras.svg,data/flag-of-honduras.svg
HRV,"Flag of Croatia.svg",//upload.wikimedia.org/wikipedia/commons/1/1b/Flag_of_Croatia.svg,data/flag-of-croatia.svg
HTI,"Flag of Haiti.svg",//upload.wikimedia.org/wikipedia/commons/5/56/Flag_of_Haiti.svg,data/flag-of-haiti.svg
HUN,"Flag of Hungary.svg",//upload.wikimedia.org/wikipedia/commons/c/c1/Flag_of_Hungary.svg,data/flag-of-hungary.svg
IDN,"Flag of Indonesia.svg",//upload.wikimedia.org/wikipedia/commons/9/9f/Flag_of_Indonesia.svg,data/flag-of-indonesia.svg
IMN,"Flag of the Isle of Man.svg",//upload.wikimedia.org/wikipedia/commons/b/bc/Flag_of_the_Isle_of_Man.svg,data/flag-of-the-isle-of-man.svg
IND,"Flag of India.svg",//upload.wikimedia.org/wikipedia/commons/4/41/Flag_of_India.svg,data/flag-of-india.svg
IOT,"Flag of the British Indian Ocean Territory.svg",//upload.wikimedia.org/wikipedia/commons/6/6e/Flag_of_the_British_Indian_Ocean_Territory.svg,data/flag-of-the-british-indian-ocean-territory.svg
IRL,"Flag of Ireland.svg",//upload.wikimedia.org/wikipedia/commons/4/45/Flag_of_Ireland.svg,data/flag-of-ireland.svg
IRN,"Flag of Iran.svg",//upload.wikimedia.org/wikipedia/commons/c/ca/Flag_of_Iran.svg,data/flag-of-iran.svg
IRQ,"Flag of Iraq.svg",//upload.wikimedia.org/wikipedia/commons/f/f6/Flag_of_Iraq.svg,data/flag-of-iraq.svg
ISL,"Flag of Iceland.svg",//upload.wikimedia.org/wikipedia/commons/c/ce/Flag_of_Iceland.svg,data/flag-of-iceland.svg
ISR,"Flag of Israel.svg",//upload.wikimedia.org/wikipedia/commons/d/d4/Flag_of_Israel.svg,data/flag-of-israel.svg
ITA,"Flag of Italy.svg",//upload.wikimedia.org/wikipedia/commons/0/03/Flag_of_Italy.svg,data/flag-of-italy.svg
JAM,"Flag of Jamaica.svg",//upload.wikimedia.org/wikipedia/commons/0/0a/Flag_of_Jamaica.svg,data/flag-of-jamaica.svg
JEY,"Flag of Jersey.svg",//upload.wikimedia.org/wikipedia/commons/1/1c/Flag_of_Jersey.svg,data/flag-of-jersey.svg
JOR,"Flag of Jordan.svg",//upload.wikimedia.org/wikipedia/commons/c/c0/Flag_of_Jordan.svg,data/flag-of-jordan.svg
JPN,"Flag of Japan.svg",//upload.wikimedia.org/wikipedia/commons/9/9e/Flag_of_Japan.svg,data/flag-of-japan.svg
KAZ,"Flag of Kazakhstan.svg",//upload.wikimedia.org/wikipedia/commons/d/d3/Flag_of_Kazakhstan.svg,data/flag-of-kazakhstan.svg
KEN,"Flag of Kenya.svg",//upload.wikimedia.org/wikipedia/commons/4/49/Flag_of_Kenya.svg,data/flag-of-kenya.svg
KGZ,"Flag of Kyrgyzstan.svg",//upload.wikimedia.org/wikipedia/commons/c/c7/Flag_of_Kyrgyzstan.svg,data/flag-of-kyrgyzstan.svg
KHM,"Flag of Cambodia.svg",//upload.wikimedia.org/wikipedia/commons/8/83/Flag_of_Cambodia.svg,data/flag-of-cambodia.svg
KIR,"Flag of Kiribati.svg",//upload.wikimedia.org/wikipedia/commons/d/d3/Flag_of_Kiribati.svg,data/flag-of-kiribati.svg
KNA,"Flag of Saint Kitts and Nevis.svg",//upload.wikimedia.org/wikipedia/commons/f/fe/Flag_of_Saint_Kitts_and_Nevis.svg,data/flag-of-saint-kitts-and-nevis.svg
KOR,"Flag of South Korea.svg",//upload.wikimedia.org/wikipedia/commons/0/09/Flag_of_South_Korea.svg,data/flag-of-south-korea.svg
KWT,"Flag of Kuwait.svg",//upload.wikimedia.org/wikipedia/commons/a/aa/Flag_of_Kuwait.svg,data/flag-of-kuwait.svg
LAO,"Flag of Laos.svg",//upload.wikimedia.org/wikipedia/commons/5/56/Flag_of_Laos.svg,data/flag-of-laos.svg
LBN,"Flag of Lebanon.svg",//upload.wikimedia.org/wikipedia/commons/5/59/Flag_of_Lebanon.svg,data/flag-of-lebanon.svg
LBR,"Flag of Liberia.svg",//upload.wikimedia.org/wikipedia/commons/b/b8/Flag_of_Liberia.svg,data/flag-of-liberia.svg
LBY,"Flag of Libya.svg",//upload.wikimedia.org/wikipedia/commons/0/05/Flag_of_Libya.svg,data/flag-of-libya.svg
LCA,"Flag of Saint Lucia.svg",//upload.wikimedia.org/wikipedia/commons/9/9f/Flag_of_Saint_Lucia.svg,data/flag-of-saint-lucia.svg
LIE,"Flag of Liechtenstein.svg",//upload.wikimedia.org/wikipedia/commons/4/47/Flag_of_Liechtenstein.svg,data/flag-of-liechtenstein.svg
LKA,"Flag of Sri Lanka.svg",//upload.wikimedia.org/wikipedia/commons/1/11/Flag_of_Sri_Lanka.svg,data/flag-of-sri-lanka.svg
LSO,"Flag of Lesotho.svg",//upload.wikimedia.org/wikipedia/commons/4/4a/Flag_of_Lesotho.svg,data/flag-of-lesotho.svg
LTU,"Flag of Lithuania.svg",//upload.wikimedia.org/wikipedia/commons/1/11/Flag_of_Lithuania.svg,data/flag-of-lithuania.svg
LUX,"Flag of Luxembourg.svg",//upload.wikimedia.org/wikipedia/commons/d/da/Flag_of_Luxembourg.svg,data/flag-of-luxembourg.svg
LVA,"Flag of Latvia.svg",//upload.wikimedia.org/wikipedia/commons/8/84/Flag_of_Latvia.svg,data/flag-of-latvia.svg
MAC,"Flag of Macau.svg",//upload.wikimedia.org/wikipedia/commons/6/63/Flag_of_Macau.svg,data/flag-of-macau.svg
MAF,"Flag of France.svg",//upload.wikimedia.org/wikipedia/commons/c/c3/Flag_of_France.svg,data/flag-of-france.svg
MAR,"Flag of Morocco.svg",//upload.wikimedia.org/wikipedia/commons/2/2c/Flag_of_Morocco.svg,data/flag-of-morocco.svg
MCO,"Flag of Monaco.svg",//upload.wikimedia.org/wikipedia/commons/e/ea/Flag_of_Monaco.svg,data/flag-of-monaco.svg
MDA,"Flag of Moldova.svg",//upload.wikimedia.org/wikipedia/commons/2/27/Flag_of_Moldova.svg,data/flag-of-moldova.svg
MDG,"Flag of Madagascar.svg",//upload.wikimedia.org/wikipedia/commons/b/bc/Flag_of_Madagascar.svg,data/flag-of-madagascar.svg
MDV,"Flag of Maldives.svg",//upload.wikimedia.org/wikipedia/commons/0/0f/Flag_of_Maldives.svg,data/flag-of-maldives.svg
MEX,"Flag of Mexico.svg",//upload.wikimedia.org/wikipedia/commons/f/fc/Flag_of_Mexico.svg,data/flag-of-mexico.svg
MHL,"Flag of the Marshall Islands.svg",//upload.wikimedia.org/wikipedia/commons/2/2e/Flag_of_the_Marshall_Islands.svg,data/flag-of-the-marshall-islands.svg
MKD,"Flag of Macedonia.svg",//upload.wikimedia.org/wikipedia/commons/f/f8/Flag_of_Macedonia.svg,data/flag-of-macedonia.svg
MLI,"Flag of Mali.svg",//upload.wikimedia.org/wikipedia/commons/9/92/Flag_of_Mali.svg,data/flag-of-mali.svg
MLT,"Flag of Malta.svg",//upload.wikimedia.org/wikipedia/commons/7/73/Flag_of_Malta.svg,data/flag-of-malta.svg
MMR,"Flag of Myanmar.svg",//upload.wikimedia.org/wikipedia/commons/8/8c/Flag_of_Myanmar.svg,data/flag-of-myanmar.svg
MNE,"Flag of Montenegro.svg",//upload.wikimedia.org/wikipedia/commons/6/64/Flag_of_Montenegro.svg,data/flag-of-montenegro.svg
MNG,"Flag of Mongolia.svg",//upload.wikimedia.org/wikipedia/commons/4/4c/Flag_of_Mongolia.svg,data/flag-of-mongolia.svg
MNP,"Flag of the Northern Mariana Islands.svg",//upload.wikimedia.org/wikipedia/commons/e/e0/Flag_of_the_Northern_Mariana_Islands.svg,data/flag-of-the-northern-mariana-islands.svg
MOZ,"Flag of Mozambique.svg",//upload.wikimedia.org/wikipedia/commons/d/d0/Flag_of_Mozambique.svg,data/flag-of-mozambique.svg
MRT,"Flag of Mauritania.svg",//upload.wikimedia.org/wikipedia/commons/4/43/Flag_of_Mauritania.svg,data/flag-of-mauritania.svg
MSR,"Flag of Montserrat.svg",//upload.wikimedia.org/wikipedia/commons/d/d0/Flag_of_Montserrat.svg,data/flag-of-montserrat.svg
MTQ,"Flag of Martinique.svg",//upload.wikimedia.org/wikipedia/commons/5/52/Flag_of_Martinique.svg,data/flag-of-martinique.svg
MUS,"Flag of Mauritius.svg",//upload.wikimedia.org/wikipedia/commons/7/77/Flag_of_Mauritius.svg,data/flag-of-mauritius.svg
MWI,"Flag of Malawi.svg",//upload.wikimedia.org/wikipedia/commons/d/d1/Flag_of_Malawi.svg,data/flag-of-malawi.svg
MYS,"Flag of Malaysia.svg",//upload.wikimedia.org/wikipedia/commons/6/66/Flag_of_Malaysia.svg,data/flag-of-malaysia.svg
MYT,"Flag of Mayotte (local).svg",//upload.wikimedia.org/wikipedia/commons/4/4a/Flag_of_Mayotte_%28local%29.svg,data/flag-of-mayotte-local.svg
NAM,"Flag of Namibia.svg",//upload.wikimedia.org/wikipedia/commons/0/00/Flag_of_Namibia.svg,data/flag-of-namibia.svg
NCL,"Flag of New Caledonia.svg",//upload.wikimedia.org/wikipedia/commons/2/23/Flag_of_New_Caledonia.svg,data/flag-of-new-caledonia.svg
NCL,"Flag of France.svg",//upload.wikimedia.org/wikipedia/commons/c/c3/Flag_of_France.svg,data/flag-of-france.svg
NER,"Flag of Niger.svg",//upload.wikimedia.org/wikipedia/commons/f/f4/Flag_of_Niger.svg,data/flag-of-niger.svg
NFK,"Flag of Norfolk Island.svg",//upload.wikimedia.org/wikipedia/commons/4/48/Flag_of_Norfolk_Island.svg,data/flag-of-norfolk-island.svg
NGA,"Flag of Nigeria.svg",//upload.wikimedia.org/wikipedia/commons/7/79/Flag_of_Nigeria.svg,data/flag-of-nigeria.svg
NIC,"Flag of Nicaragua.svg",//upload.wikimedia.org/wikipedia/commons/1/19/Flag_of_Nicaragua.svg,data/flag-of-nicaragua.svg
NIU,"Flag of Niue.svg",//upload.wikimedia.org/wikipedia/commons/0/01/Flag_of_Niue.svg,data/flag-of-niue.svg
NLD,"Flag of the Netherlands.svg",//upload.wikimedia.org/wikipedia/commons/2/20/Flag_of_the_Netherlands.svg,data/flag-of-the-netherlands.svg
NOR,"Flag of Norway.svg",//upload.wikimedia.org/wikipedia/commons/d/d9/Flag_of_Norway.svg,data/flag-of-norway.svg
NPL,"Flag of Nepal.svg",//upload.wikimedia.org/wikipedia/commons/9/9b/Flag_of_Nepal.svg,data/flag-of-nepal.svg
NRU,"Flag of Nauru.svg",//upload.wikimedia.org/wikipedia/commons/3/30/Flag_of_Nauru.svg,data/flag-of-nauru.svg
NZL,"Flag of New Zealand.svg",//upload.wikimedia.org/wikipedia/commons/3/3e/Flag_of_New_Zealand.svg,data/flag-of-new-zealand.svg
OMN,"Flag of Oman.svg",//upload.wikimedia.org/wikipedia/commons/d/dd/Flag_of_Oman.svg,data/flag-of-oman.svg
PAK,"Flag of Pakistan.svg",//upload.wikimedia.org/wikipedia/commons/3/32/Flag_of_Pakistan.svg,data/flag-of-pakistan.svg
PAN,"Flag of Panama.svg",//upload.wikimedia.org/wikipedia/commons/a/ab/Flag_of_Panama.svg,data/flag-of-panama.svg
PCN,"Flag of the Pitcairn Islands.svg",//upload.wikimedia.org/wikipedia/commons/8/88/Flag_of_the_Pitcairn_Islands.svg,data/flag-of-the-pitcairn-islands.svg
PER,"Flag of Peru.svg",//upload.wikimedia.org/wikipedia/commons/c/cf/Flag_of_Peru.svg,data/flag-of-peru.svg
PHL,"Flag of the Philippines.svg",//upload.wikimedia.org/wikipedia/commons/9/99/Flag_of_the_Philippines.svg,data/flag-of-the-philippines.svg
PLW,"Flag of Palau.svg",//upload.wikimedia.org/wikipedia/commons/4/48/Flag_of_Palau.svg,data/flag-of-palau.svg
PNG,"Flag of Papua New Guinea.svg",//upload.wikimedia.org/wikipedia/commons/e/e3/Flag_of_Papua_New_Guinea.svg,data/flag-of-papua-new-guinea.svg
POL,"Flag of Poland.svg",//upload.wikimedia.org/wikipedia/commons/1/12/Flag_of_Poland.svg,data/flag-of-poland.svg
PRI,"Flag of Puerto Rico.svg",//upload.wikimedia.org/wikipedia/commons/2/28/Flag_of_Puerto_Rico.svg,data/flag-of-puerto-rico.svg
PRK,"Flag of North Korea.svg",//upload.wikimedia.org/wikipedia/commons/5/51/Flag_of_North_Korea.svg,data/flag-of-north-korea.svg
PRT,"Flag of Portugal.svg",//upload.wikimedia.org/wikipedia/commons/5/5c/Flag_of_Portugal.svg,data/flag-of-portugal.svg
PRY,"Flag of Paraguay.svg",//upload.wikimedia.org/wikipedia/commons/2/27/Flag_of_Paraguay.svg,data/flag-of-paraguay.svg
PSE,"Flag of Palestine.svg",//upload.wikimedia.org/wikipedia/commons/0/00/Flag_of_Palestine.svg,data/flag-of-palestine.svg
PYF,"Flag of French Polynesia.svg",//upload.wikimedia.org/wikipedia/commons/d/db/Flag_of_French_Polynesia.svg,data/flag-of-french-polynesia.svg
QAT,"Flag of Qatar.svg",//upload.wikimedia.org/wikipedia/commons/6/65/Flag_of_Qatar.svg,data/flag-of-qatar.svg
REU,"Proposed flag of Réunion (VAR).svg",//upload.wikimedia.org/wikipedia/commons/8/8e/Proposed_flag_of_R%C3%A9union_%28VAR%29.svg,data/proposed-flag-of-reunion-var.svg
ROU,"Flag of Romania.svg",//upload.wikimedia.org/wikipedia/commons/7/73/Flag_of_Romania.svg,data/flag-of-romania.svg
RUS,"Flag of Russia.svg",//upload.wikimedia.org/wikipedia/commons/f/f3/Flag_of_Russia.svg,data/flag-of-russia.svg
RWA,"Flag of Rwanda.svg",//upload.wikimedia.org/wikipedia/commons/1/17/Flag_of_Rwanda.svg,data/flag-of-rwanda.svg
SAU,"Flag of Saudi Arabia.svg",//upload.wikimedia.org/wikipedia/commons/0/0d/Flag_of_Saudi_Arabia.svg,data/flag-of-saudi-arabia.svg
SDN,"Flag of Sudan.svg",//upload.wikimedia.org/wikipedia/commons/0/01/Flag_of_Sudan.svg,data/flag-of-sudan.svg
SEN,"Flag of Senegal.svg",//upload.wikimedia.org/wikipedia/commons/f/fd/Flag_of_Senegal.svg,data/flag-of-senegal.svg
SGP,"Flag of Singapore.svg",//upload.wikimedia.org/wikipedia/commons/4/48/Flag_of_Singapore.svg,data/flag-of-singapore.svg
SGS,"Flag of South Georgia and the South Sandwich Islands.svg",//upload.wikimedia.org/wikipedia/commons/e/ed/Flag_of_South_Georgia_and_the_South_Sandwich_Islands.svg,data/flag-of-south-georgia-and-the-south-sandwich-islands.svg
SHN,"Flag of Saint Helena.svg",//upload.wikimedia.org/wikipedia/commons/0/00/Flag_of_Saint_Helena.svg,data/flag-of-saint-helena.svg
SLB,"Flag of the Solomon Islands.svg",//upload.wikimedia.org/wikipedia/commons/7/74/Flag_of_the_Solomon_Islands.svg,data/flag-of-the-solomon-islands.svg
SLE,"Flag of Sierra Leone.svg",//upload.wikimedia.org/wikipedia/commons/1/17/Flag_of_Sierra_Leone.svg,data/flag-of-sierra-leone.svg
SLV,"Flag of El Salvador.svg",//upload.wikimedia.org/wikipedia/commons/3/34/Flag_of_El_Salvador.svg,data/flag-of-el-salvador.svg
SMR,"Flag of San Marino.svg",//upload.wikimedia.org/wikipedia/commons/b/b1/Flag_of_San_Marino.svg,data/flag-of-san-marino.svg
SOM,"Flag of Somalia.svg",//upload.wikimedia.org/wikipedia/commons/a/a0/Flag_of_Somalia.svg,data/flag-of-somalia.svg
SPM,"Flag of France.svg",//upload.wikimedia.org/wikipedia/commons/c/c3/Flag_of_France.svg,data/flag-of-france.svg
SRB,"Flag of Serbia.svg",//upload.wikimedia.org/wikipedia/commons/f/ff/Flag_of_Serbia.svg,data/flag-of-serbia.svg
SSD,"Flag of South Sudan.svg",//upload.wikimedia.org/wikipedia/commons/7/7a/Flag_of_South_Sudan.svg,data/flag-of-south-sudan.svg
STP,"Flag of Sao Tome and Principe.svg",//upload.wikimedia.org/wikipedia/commons/4/4f/Flag_of_Sao_Tome_and_Principe.svg,data/flag-of-sao-tome-and-principe.svg
SUR,"Flag of Suriname.svg",//upload.wikimedia.org/wikipedia/commons/6/60/Flag_of_Suriname.svg,data/flag-of-suriname.svg
SVK,"Flag of Slovakia.svg",//upload.wikimedia.org/wikipedia/commons/e/e6/Flag_of_Slovakia.svg,data/flag-of-slovakia.svg
SVN,"Flag of Slovenia.svg",//upload.wikimedia.org/wikipedia/commons/f/f0/Flag_of_Slovenia.svg,data/flag-of-slovenia.svg
SWE,"Flag of Sweden.svg",//upload.wikimedia.org/wikipedia/commons/4/4c/Flag_of_Sweden.svg,data/flag-of-sweden.svg
SWZ,"Flag of Swaziland.svg",//upload.wikimedia.org/wikipedia/commons/1/1e/Flag_of_Swaziland.svg,data/flag-of-swaziland.svg
SXM,"Flag of Sint Maarten.svg",//upload.wikimedia.org/wikipedia/commons/d/d3/Flag_of_Sint_Maarten.svg,data/flag-of-sint-maarten.svg
SYC,"Flag of Seychelles.svg",//upload.wikimedia.org/wikipedia/commons/f/fc/Flag_of_Seychelles.svg,data/flag-of-seychelles.svg
SYR,"Flag of Syria.svg",//upload.wikimedia.org/wikipedia/commons/5/53/Flag_of_Syria.svg,data/flag-of-syria.svg
TCA,"Flag of the Turks and Caicos Islands.svg",//upload.wikimedia.org/wikipedia/commons/a/a0/Flag_of_the_Turks_and_Caicos_Islands.svg,data/flag-of-the-turks-and-caicos-islands.svg
TCD,"Flag of Chad.svg",//upload.wikimedia.org/wikipedia/commons/4/4b/Flag_of_Chad.svg,data/flag-of-chad.svg
TGO,"Flag of Togo.svg",//upload.wikimedia.org/wikipedia/commons/6/68/Flag_of_Togo.svg,data/flag-of-togo.svg
THA,"Flag of Thailand.svg",//upload.wikimedia.org/wikipedia/commons/a/a9/Flag_of_Thailand.svg,data/flag-of-thailand.svg
TJK,"Flag of Tajikistan.svg",//upload.wikimedia.org/wikipedia/commons/d/d0/Flag_of_Tajikistan.svg,data/flag-of-tajikistan.svg
TKL,"Flag of Tokelau.svg",//upload.wikimedia.org/wikipedia/commons/8/8e/Flag_of_Tokelau.svg,data/flag-of-tokelau.svg
TKM,"Flag of Turkmenistan.svg",//upload.wikimedia.org/wikipedia/commons/1/1b/Flag_of_Turkmenistan.svg,data/flag-of-turkmenistan.svg
TLS,"Flag of East Timor.svg",//upload.wikimedia.org/wikipedia/commons/2/26/Flag_of_East_Timor.svg,data/flag-of-east-timor.svg
TON,"Flag of Tonga.svg",//upload.wikimedia.org/wikipedia/commons/9/9a/Flag_of_Tonga.svg,data/flag-of-tonga.svg
TTO,"Flag of Trinidad and Tobago.svg",//upload.wikimedia.org/wikipedia/commons/6/64/Flag_of_Trinidad_and_Tobago.svg,data/flag-of-trinidad-and-tobago.svg
TUN,"Flag of Tunisia.svg",//upload.wikimedia.org/wikipedia/commons/c/ce/Flag_of_Tunisia.svg,data/flag-of-tunisia.svg
TUR,"Flag of Turkey.svg",//upload.wikimedia.org/wikipedia/commons/b/b4/Flag_of_Turkey.svg,data/flag-of-turkey.svg
TUV,"Flag of Tuvalu.svg",//upload.wikimedia.org/wikipedia/commons/3/38/Flag_of_Tuvalu.svg,data/flag-of-tuvalu.svg
TWN,"Flag of the Republic of China.svg",//upload.wikimedia.org/wikipedia/commons/7/72/Flag_of_the_Republic_of_China.svg,data/flag-of-the-republic-of-china.svg
TZA,"Flag of Tanzania.svg",//upload.wikimedia.org/wikipedia/commons/3/38/Flag_of_Tanzania.svg,data/flag-of-tanzania.svg
UGA,"Flag of Uganda.svg",//upload.wikimedia.org/wikipedia/commons/4/4e/Flag_of_Uganda.svg,data/flag-of-uganda.svg
UKR,"Flag of Ukraine.svg",//upload.wikimedia.org/wikipedia/commons/4/49/Flag_of_Ukraine.svg,data/flag-of-ukraine.svg
UMI,"Flag of the United States.svg",//upload.wikimedia.org/wikipedia/commons/a/a4/Flag_of_the_United_States.svg,data/flag-of-the-united-states.svg
URY,"Flag of Uruguay.svg",//upload.wikimedia.org/wikipedia/commons/f/fe/Flag_of_Uruguay.svg,data/flag-of-uruguay.svg
USA,"Flag of the United States.svg",//upload.wikimedia.org/wikipedia/commons/a/a4/Flag_of_the_United_States.svg,data/flag-of-the-united-states.svg
UZB,"Flag of Uzbekistan.svg",//upload.wikimedia.org/wikipedia/commons/8/84/Flag_of_Uzbekistan.svg,data/flag-of-uzbekistan.svg
VAT,"Flag of the Vatican City.svg",//upload.wikimedia.org/wikipedia/commons/0/00/Flag_of_the_Vatican_City.svg,data/flag-of-the-vatican-city.svg
VCT,"Flag of Saint Vincent and the Grenadines.svg",//upload.wikimedia.org/wikipedia/commons/6/6d/Flag_of_Saint_Vincent_and_the_Grenadines.svg,data/flag-of-saint-vincent-and-the-grenadines.svg
VEN,"Flag of Venezuela (state).svg",//upload.wikimedia.org/wikipedia/commons/7/7b/Flag_of_Venezuela_%28state%29.svg,data/flag-of-venezuela-state.svg
VGB,"Flag of the British Virgin Islands.svg",//upload.wikimedia.org/wikipedia/commons/4/42/Flag_of_the_British_Virgin_Islands.svg,data/flag-of-the-british-virgin-islands.svg
VIR,"Flag of the United States Virgin Islands.svg",//upload.wikimedia.org/wikipedia/commons/f/f8/Flag_of_the_United_States_Virgin_Islands.svg,data/flag-of-the-united-states-virgin-islands.svg
VNM,"Flag of Vietnam.svg",//upload.wikimedia.org/wikipedia/commons/2/21/Flag_of_Vietnam.svg,data/flag-of-vietnam.svg
VUT,"Flag of Vanuatu.svg",//upload.wikimedia.org/wikipedia/commons/b/bc/Flag_of_Vanuatu.svg,data/flag-of-vanuatu.svg
WLF,"Flag of Wallis and Futuna.svg",//upload.wikimedia.org/wikipedia/commons/d/d2/Flag_of_Wallis_and_Futuna.svg,data/flag-of-wallis-and-futuna.svg
WSM,"Flag of Samoa.svg",//upload.wikimedia.org/wikipedia/commons/3/31/Flag_of_Samoa.svg,data/flag-of-samoa.svg
YEM,"Flag of Yemen.svg",//upload.wikimedia.org/wikipedia/commons/8/89/Flag_of_Yemen.svg,data/flag-of-yemen.svg
YUG,"Flag of SFR Yugoslavia.svg",//upload.wikimedia.org/wikipedia/commons/7/71/Flag_of_SFR_Yugoslavia.svg,data/flag-of-sfr-yugoslavia.svg
ZAF,"Flag of South Africa.svg",//upload.wikimedia.org/wikipedia/commons/a/af/Flag_of_South_Africa.svg,data/flag-of-south-africa.svg
ZMB,"Flag of Zambia.svg",//upload.wikimedia.org/wikipedia/commons/0/06/Flag_of_Zambia.svg,data/flag-of-zambia.svg
ZWE,"Flag of Zimbabwe.svg",//upload.wikimedia.org/wikipedia/commons/6/6a/Flag_of_Zimbabwe.svg,data/flag-of-zimbabwe.svg
